<annotation>
	<folder>images</folder>
	<filename>2019-12-12-012930_33.jpg</filename>
	<path>/home/samael02/yolo-object-detection/images/2019-12-12-012930_33.jpg</path>
	<source>
		<database>Unknown</database>
	</source>
	<size>
		<width>640</width>
		<height>480</height>
		<depth>3</depth>
	</size>
	<segmented>0</segmented>
	<object>
		<name>bot</name>
		<pose>Unspecified</pose>
		<truncated>1</truncated>
		<difficult>0</difficult>
		<bndbox>
			<xmin>1</xmin>
			<ymin>160</ymin>
			<xmax>241</xmax>
			<ymax>380</ymax>
		</bndbox>
	</object>
</annotation>
