<annotation>
	<folder>images</folder>
	<filename>2019-12-12-013813_8.jpg</filename>
	<path>/home/samael02/yolo-object-detection/images/2019-12-12-013813_8.jpg</path>
	<source>
		<database>Unknown</database>
	</source>
	<size>
		<width>640</width>
		<height>480</height>
		<depth>3</depth>
	</size>
	<segmented>0</segmented>
	<object>
		<name>bot</name>
		<pose>Unspecified</pose>
		<truncated>0</truncated>
		<difficult>0</difficult>
		<bndbox>
			<xmin>263</xmin>
			<ymin>177</ymin>
			<xmax>549</xmax>
			<ymax>400</ymax>
		</bndbox>
	</object>
</annotation>
